{"cameraMode":{"drawMode":0,"name":"Shaded","section":"Shading Mode"},"sceneLighting":true,"audioPlay":false,"sceneViewState":{"showFog":true,"showMaterialUpdate":false,"showSkybox":true,"showFlares":true,"showImageEffects":true,"showParticleSystems":true},"in2DMode":false,"pivot":{"x":-2.249678611755371,"y":-22.245357513427736,"z":18.0704345703125},"rotation":{"x":0.43513551354408266,"y":0.020250631496310235,"z":-0.009790289215743542,"w":0.9000868201255798},"size":70.56864929199219,"orthographic":false}