{"cameraMode":{"drawMode":0,"name":"Shaded","section":"Shading Mode"},"sceneLighting":true,"audioPlay":false,"sceneViewState":{"showFog":true,"showMaterialUpdate":false,"showSkybox":true,"showFlares":true,"showImageEffects":true,"showParticleSystems":true},"in2DMode":false,"pivot":{"x":4.522239685058594,"y":-0.46177899837493899,"z":4.654677391052246},"rotation":{"x":0.3488115966320038,"y":0.3566129207611084,"z":-0.14559197425842286,"w":0.8543794751167297},"size":31.41432762145996,"orthographic":false}