{"cameraMode":{"drawMode":0,"name":"Shaded","section":"Shading Mode"},"sceneLighting":true,"audioPlay":false,"sceneViewState":{"showFog":true,"showMaterialUpdate":false,"showSkybox":true,"showFlares":true,"showImageEffects":true,"showParticleSystems":true},"in2DMode":false,"pivot":{"x":2.6784045696258547,"y":-9.896864891052246,"z":16.63058090209961},"rotation":{"x":0.3440779745578766,"y":-0.01690368540585041,"z":0.006197200156748295,"w":0.938788115978241},"size":30.995529174804689,"orthographic":false}