{"cameraMode":{"drawMode":0,"name":"Shaded","section":"Shading Mode"},"sceneLighting":true,"audioPlay":false,"sceneViewState":{"showFog":true,"showMaterialUpdate":false,"showSkybox":true,"showFlares":true,"showImageEffects":true,"showParticleSystems":true},"in2DMode":false,"pivot":{"x":2.6242189407348635,"y":1.090667724609375,"z":0.045734405517578128},"rotation":{"x":-0.3549923300743103,"y":-0.4056522846221924,"z":0.17478111386299134,"w":-0.8239582777023315},"size":20.42087745666504,"orthographic":false}