{"cameraMode":{"drawMode":0,"name":"Shaded","section":"Shading Mode"},"sceneLighting":true,"audioPlay":false,"sceneViewState":{"showFog":true,"showMaterialUpdate":false,"showSkybox":true,"showFlares":true,"showImageEffects":true,"showParticleSystems":true},"in2DMode":false,"pivot":{"x":21.58680534362793,"y":-18.950557708740236,"z":13.52651596069336},"rotation":{"x":0.3433266580104828,"y":0.4104621410369873,"z":-0.1703130155801773,"w":0.8274360299110413},"size":46.747596740722659,"orthographic":false}