{"cameraMode":{"drawMode":0,"name":"Shaded","section":"Shading Mode"},"sceneLighting":true,"audioPlay":false,"sceneViewState":{"showFog":true,"showMaterialUpdate":false,"showSkybox":true,"showFlares":true,"showImageEffects":true,"showParticleSystems":true},"in2DMode":false,"pivot":{"x":0.37629151344299319,"y":18.195547103881837,"z":-16.04315185546875},"rotation":{"x":-0.2560366690158844,"y":-0.1969578117132187,"z":0.05334646999835968,"w":-0.944902241230011},"size":46.97646713256836,"orthographic":true}