{"cameraMode":{"drawMode":0,"name":"Shaded","section":"Shading Mode"},"sceneLighting":true,"audioPlay":false,"sceneViewState":{"showFog":true,"showMaterialUpdate":false,"showSkybox":true,"showFlares":true,"showImageEffects":true,"showParticleSystems":true},"in2DMode":false,"pivot":{"x":-11.102535247802735,"y":9.363385200500489,"z":-6.812887191772461},"rotation":{"x":-0.1353033185005188,"y":-0.5051869750022888,"z":0.08052576333284378,"w":-0.8485451340675354},"size":26.235408782958986,"orthographic":true}