{"cameraMode":{"drawMode":0,"name":"Shaded","section":"Shading Mode"},"sceneLighting":true,"audioPlay":false,"sceneViewState":{"showFog":true,"showMaterialUpdate":false,"showSkybox":true,"showFlares":true,"showImageEffects":true,"showParticleSystems":true},"in2DMode":false,"pivot":{"x":-14.78851318359375,"y":18.943864822387697,"z":-13.566946029663086},"rotation":{"x":-0.2485191971063614,"y":-0.4180857539176941,"z":0.12002646923065186,"w":-0.8654966950416565},"size":23.720401763916017,"orthographic":true}