{"cameraMode":{"drawMode":0,"name":"Shaded","section":"Shading Mode"},"sceneLighting":true,"audioPlay":false,"sceneViewState":{"showFog":true,"showMaterialUpdate":false,"showSkybox":true,"showFlares":true,"showImageEffects":true,"showParticleSystems":true},"in2DMode":false,"pivot":{"x":-14.78851318359375,"y":18.943864822387697,"z":-13.566946029663086},"rotation":{"x":-0.1877528727054596,"y":-0.4538959860801697,"z":0.09843706339597702,"w":-0.8654983043670654},"size":23.720401763916017,"orthographic":true}