{"cameraMode":{"drawMode":0,"name":"Shaded","section":"Shading Mode"},"sceneLighting":true,"audioPlay":false,"sceneViewState":{"showFog":true,"showMaterialUpdate":false,"showSkybox":true,"showFlares":true,"showImageEffects":true,"showParticleSystems":true},"in2DMode":false,"pivot":{"x":-11.102535247802735,"y":9.363385200500489,"z":-6.812887191772461},"rotation":{"x":-0.1833879053592682,"y":-0.3618129789829254,"z":0.07279764115810394,"w":-0.9111510515213013},"size":26.235408782958986,"orthographic":true}