{"cameraMode":{"drawMode":0,"name":"Shaded","section":"Shading Mode"},"sceneLighting":false,"audioPlay":false,"sceneViewState":{"showFog":true,"showMaterialUpdate":false,"showSkybox":true,"showFlares":true,"showImageEffects":true,"showParticleSystems":true},"in2DMode":false,"pivot":{"x":1.3555704355239869,"y":-6.702733993530273,"z":19.092308044433595},"rotation":{"x":-0.3504733443260193,"y":-0.23939992487430573,"z":0.09315326064825058,"w":-0.9006637334823608},"size":52.399410247802737,"orthographic":false}