{"cameraMode":{"drawMode":0,"name":"Shaded","section":"Shading Mode"},"sceneLighting":false,"audioPlay":false,"sceneViewState":{"showFog":true,"showMaterialUpdate":false,"showSkybox":true,"showFlares":true,"showImageEffects":true,"showParticleSystems":true},"in2DMode":false,"pivot":{"x":-14.913973808288575,"y":27.850292205810548,"z":-12.11158275604248},"rotation":{"x":0.4135358929634094,"y":0.3565664291381836,"z":-0.18022805452346803,"w":0.8181496262550354},"size":13.595147132873536,"orthographic":false}