{"cameraMode":{"drawMode":0,"name":"Shaded","section":"Shading Mode"},"sceneLighting":false,"audioPlay":false,"sceneViewState":{"showFog":true,"showMaterialUpdate":false,"showSkybox":true,"showFlares":true,"showImageEffects":true,"showParticleSystems":true},"in2DMode":false,"pivot":{"x":4.0429229736328129,"y":-0.6000303626060486,"z":3.2301268577575685},"rotation":{"x":0.4112923741340637,"y":0.2166445255279541,"z":-0.1013043224811554,"w":0.8795705437660217},"size":10.042860984802246,"orthographic":false}