{"cameraMode":{"drawMode":0,"name":"Shaded","section":"Shading Mode"},"sceneLighting":false,"audioPlay":false,"sceneViewState":{"showFog":true,"showMaterialUpdate":false,"showSkybox":true,"showFlares":true,"showImageEffects":true,"showParticleSystems":true},"in2DMode":false,"pivot":{"x":-2.797595500946045,"y":1.875340461730957,"z":6.042392730712891},"rotation":{"x":0.2463534027338028,"y":0.31829115748405459,"z":-0.08603726327419281,"w":0.9113761186599731},"size":54.66412353515625,"orthographic":false}