{"cameraMode":{"drawMode":0,"name":"Shaded","section":"Shading Mode"},"sceneLighting":true,"audioPlay":false,"sceneViewState":{"showFog":true,"showMaterialUpdate":false,"showSkybox":true,"showFlares":true,"showImageEffects":true,"showParticleSystems":true},"in2DMode":false,"pivot":{"x":-4.623763084411621,"y":-7.188776969909668,"z":2.780778408050537},"rotation":{"x":0.4193492531776428,"y":-0.2503587305545807,"z":0.12149681895971298,"w":0.8641232252120972},"size":53.04670333862305,"orthographic":false}