{"cameraMode":{"drawMode":0,"name":"Shaded","section":"Shading Mode"},"sceneLighting":false,"audioPlay":false,"sceneViewState":{"showFog":true,"showMaterialUpdate":false,"showSkybox":true,"showFlares":true,"showImageEffects":true,"showParticleSystems":true},"in2DMode":false,"pivot":{"x":3.081071138381958,"y":4.793601036071777,"z":-2.9177727699279787},"rotation":{"x":0.3337644040584564,"y":0.3832446038722992,"z":-0.15085524320602418,"w":0.8479212522506714},"size":29.49652099609375,"orthographic":false}